{
  "type": 4191.738320350647,
  "air_temp": 19340.889798641205,
  "process_temp": 17217.275462150574,
  "rpm": 164067.4628314972,
  "torque": 47495.259828567505,
  "tool_wear": 67188.14838314056,
  "power": 28291.87241411209,
  "temp_diff": 36696.12431240082,
  "torque_per_rpm": 26169.88080215454
}