{
  "type": 12093.757179260254,
  "air_temp": 62795.23690032959,
  "process_temp": 39554.83028411865,
  "rpm": 1098801.866104126,
  "torque": 271163.51263427734,
  "tool_wear": 361534.24097442627,
  "power": 86604.18084716797,
  "temp_diff": 197707.42750549316,
  "torque_per_rpm": 244499.56916809082
}